id,cohort,scenario,variant,condition,status,eligible,physics_success,success,eligible_success,usage_observed,usage_complete,agent_elapsed_seconds,application_startup_seconds,startup_inclusive_seconds,input_output_tokens,uncached_input_output_tokens,cached_input_tokens,candidate_rollouts,simulation_process_starts,verification_process_starts,failed_candidates,failed_commands,mcp_errors,input_tokens,output_tokens,uncached_input_tokens,reasoning_output_tokens,tool_items,mcp_tool_items
panda-live-0,existing_primary,panda,0,live,completed,True,True,True,True,True,True,46.867034330032766,3.557588816154748,50.424623146187514,137480,15112,122368,1,1,1,0,0,0,136393,1087,14025,291,8,2
panda-restart-0,existing_primary,panda,0,restart,completed,True,True,True,True,True,True,42.92831723066047,0.0,42.92831723066047,144082,15314,128768,1,1,1,0,0,0,143233,849,14465,179,7,0
panda-ipython-0,existing_primary,panda,0,ipython,completed,True,True,True,True,True,True,44.48019630089402,3.8076045853085816,48.287800886202604,128382,16766,111616,1,1,1,0,0,0,127322,1060,15706,169,8,2
panda_real-live-2,real_primary,panda_real,2,live,completed,True,True,True,True,True,True,435.84964347910136,3.507349922321737,439.3569934014231,1314628,82244,1232384,29,1,2,1,0,0,1302699,11929,70315,4937,25,11
panda_real-ipython-2,real_primary,panda_real,2,ipython,completed,True,True,True,True,True,True,463.2608340042643,3.9590252470225096,467.21985925128683,960826,98746,862080,37,1,2,4,0,0,947404,13422,85324,6017,19,14
panda_real-restart-2,real_primary,panda_real,2,restart,completed,True,True,True,True,True,True,420.56953959167004,0.0,420.56953959167004,893905,66641,827264,12,12,2,2,0,0,882279,11626,55015,5193,23,0
panda-ipython-1,existing_primary,panda,1,ipython,completed,True,True,True,True,True,True,47.48461251799017,3.8665094189345837,51.351121936924756,140709,20645,120064,1,1,1,0,0,0,139617,1092,19553,181,8,2
panda-live-1,existing_primary,panda,1,live,completed,True,True,True,True,True,True,46.68954374687746,3.507971053943038,50.1975148008205,138091,18923,119168,1,1,1,0,0,0,137070,1021,17902,199,8,2
panda-restart-1,existing_primary,panda,1,restart,completed,True,True,True,True,True,True,62.35631345026195,0.0,62.35631345026195,157538,15714,141824,1,1,1,0,0,0,156021,1517,14197,598,8,0
panda_real-live-0,real_primary,panda_real,0,live,completed,True,True,True,True,True,True,321.2619511829689,3.5068772840313613,324.7688284670003,688589,68429,620160,24,1,2,3,0,0,679338,9251,59178,3681,20,8
panda_real-restart-0,real_primary,panda_real,0,restart,completed,True,True,True,True,True,True,317.9787784027867,0.0,317.9787784027867,586709,52949,533760,9,9,2,1,0,0,577505,9204,43745,3306,20,0
panda_real-ipython-0,real_primary,panda_real,0,ipython,completed,True,True,True,True,True,True,233.2075043641962,3.8265564497560263,237.03406081395224,508822,58518,450304,13,1,2,2,0,0,502030,6792,51726,2515,16,11
hug-restart-0,existing_primary,hug,0,restart,completed,True,True,True,True,True,True,78.88211563695222,0.0,78.88211563695222,220000,29024,190976,2,2,1,1,1,0,218040,1960,27064,208,13,0
hug-ipython-0,existing_primary,hug,0,ipython,completed,True,True,True,True,True,True,59.45049963472411,4.383295082021505,63.833794716745615,150999,30551,120448,2,1,1,1,0,0,149547,1452,29099,213,8,5
hug-live-0,existing_primary,hug,0,live,completed,True,True,True,True,True,True,66.67287423694506,3.657302599865943,70.330176836811,154384,19984,134400,1,1,1,0,0,0,152905,1479,18505,294,9,2
hug-live-1,existing_primary,hug,1,live,completed,True,True,True,True,True,True,59.451801585033536,3.607118816114962,63.0589204011485,159752,23816,135936,1,1,1,0,1,0,158220,1532,22284,299,11,3
hug-restart-1,existing_primary,hug,1,restart,completed,True,True,True,True,True,True,84.23925189813599,0.0,84.23925189813599,259902,31166,228736,3,3,1,1,0,0,258088,1814,29352,487,11,0
hug-ipython-1,existing_primary,hug,1,ipython,completed,True,True,True,True,True,True,55.1444207043387,4.198120093904436,59.342540798243135,140560,16528,124032,1,1,1,0,0,0,139308,1252,15276,172,9,3
panda_real-restart-3,real_primary,panda_real,3,restart,completed,True,False,False,False,True,True,589.7882999051362,0.0,589.7882999051362,1248229,79589,1168640,25,25,2,2,1,0,1232163,16066,63523,7009,31,0
panda_real-ipython-3,real_primary,panda_real,3,ipython,completed,True,False,False,False,True,True,230.90392285306007,3.8149821129627526,234.71890496602282,509305,66297,443008,11,1,2,2,0,0,502850,6455,59842,2569,17,11
panda_real-live-3,real_primary,panda_real,3,live,completed,True,True,True,True,True,True,310.67103972798213,3.557277923915535,314.22831765189767,585563,91483,494080,37,1,2,2,0,0,576990,8573,82910,3626,19,7
allegro-live-1,existing_primary,allegro,1,live,completed,True,True,True,True,True,True,48.202102853916585,2.6047260090708733,50.80682886298746,138065,24273,113792,1,1,1,0,0,0,137111,954,23319,173,8,2
allegro-ipython-1,existing_primary,allegro,1,ipython,completed,True,True,True,True,True,True,51.94174465397373,2.8919454938732088,54.83369014784694,190263,23735,166528,1,1,1,0,0,0,189169,1094,22641,125,9,2
allegro-restart-1,existing_primary,allegro,1,restart,completed,True,True,True,True,True,True,52.942470581270754,0.0,52.942470581270754,173856,21664,152192,1,1,1,0,0,0,172813,1043,20621,156,10,0
panda_real-ipython-6,real_primary,panda_real,6,ipython,completed,True,True,True,True,True,True,241.9192771250382,3.992453769315034,245.91173089435324,424372,55604,368768,14,1,2,3,0,0,417537,6835,48769,2578,14,9
panda_real-restart-6,real_primary,panda_real,6,restart,completed,True,True,True,True,True,True,413.5162273161113,0.0,413.5162273161113,734828,64492,670336,15,15,2,4,0,0,722903,11925,52567,4193,23,0
panda_real-live-6,real_primary,panda_real,6,live,completed,True,True,True,True,True,True,427.88804701389745,3.5070170080289245,431.3950640219264,801406,76158,725248,33,1,2,2,0,0,789432,11974,64184,5387,23,8
panda_real-ipython-1,real_primary,panda_real,1,ipython,completed,True,True,True,True,True,True,298.6522797769867,3.83455126080662,302.4868310377933,656287,67231,589056,20,1,2,2,0,0,648402,7885,59346,2785,17,12
panda_real-live-1,real_primary,panda_real,1,live,completed,True,True,True,True,True,True,304.90633521415293,3.5069284019991755,308.4132636161521,588791,73719,515072,22,1,2,3,0,0,579952,8839,64880,3700,16,6
panda_real-restart-1,real_primary,panda_real,1,restart,completed,True,True,True,True,True,True,279.4845924321562,0.0,279.4845924321562,709612,58092,651520,5,5,2,1,0,0,701829,7783,50309,2052,18,0
panda_calibration-restart-1,existing_primary,panda_calibration,1,restart,completed,True,True,True,True,True,True,228.80087313894182,0.0,228.80087313894182,617952,40800,577152,10,10,1,8,1,0,612936,5016,35784,1091,16,0
panda_calibration-live-1,existing_primary,panda_calibration,1,live,completed,True,True,True,True,True,True,91.1589979478158,3.5582125512883067,94.71721049910411,208468,21204,187264,9,1,1,5,0,0,206416,2052,19152,292,9,5
panda_calibration-ipython-1,existing_primary,panda_calibration,1,ipython,completed,True,True,True,True,True,True,73.6719963522628,3.7958554020151496,77.46785175427794,154806,29238,125568,9,1,1,5,0,0,153133,1673,27565,113,10,4
panda_real-restart-5,real_primary,panda_real,5,restart,completed,True,True,True,True,True,True,410.217866265215,0.0,410.217866265215,837064,61512,775552,13,13,2,1,0,0,826539,10525,50987,3605,30,0
panda_real-ipython-5,real_primary,panda_real,5,ipython,completed,True,True,True,True,True,True,298.5090176509693,4.077211246825755,302.5862288977951,698374,72454,625920,22,1,2,2,0,0,689913,8461,63993,3537,19,13
panda_real-live-5,real_primary,panda_real,5,live,completed,True,False,False,False,True,True,371.1600620262325,3.5070794108323753,374.66714143706486,772870,58374,714496,18,1,2,3,0,0,764092,8778,49596,2796,17,6
panda_real-live-8,real_primary,panda_real,8,live,completed,True,True,True,True,True,True,630.5885057891719,3.5077704419381917,634.0962762311101,1375949,145997,1229952,56,1,2,1,1,0,1358554,17395,128602,7795,31,14
panda_real-restart-8,real_primary,panda_real,8,restart,completed,True,True,True,True,True,True,421.00904947379604,0.0,421.00904947379604,764590,59054,705536,8,8,2,1,0,0,753144,11446,47608,4276,20,0
panda_real-ipython-8,real_primary,panda_real,8,ipython,completed,True,True,True,True,True,True,512.1200448609889,3.9988163597881794,516.118861220777,850414,76654,773760,55,1,2,3,0,0,836520,13894,62760,6947,26,15
panda_real-ipython-4,real_primary,panda_real,4,ipython,completed,True,True,True,True,True,True,378.9330518292263,3.7648647450841963,382.6979165743105,641258,60394,580864,16,1,2,3,0,0,631341,9917,50477,3721,21,13
panda_real-live-4,real_primary,panda_real,4,live,completed,True,True,True,True,True,True,393.38729041581973,3.55718429107219,396.9444747068919,1140757,77845,1062912,31,1,2,3,0,0,1130259,10498,67347,3753,25,9
panda_real-restart-4,real_primary,panda_real,4,restart,completed,True,True,True,True,True,True,494.90104425000027,0.0,494.90104425000027,1105669,77573,1028096,20,20,2,2,0,0,1092336,13333,64240,5592,29,0
panda_real-restart-7,real_primary,panda_real,7,restart,completed,True,True,True,True,True,True,525.3869753028266,0.0,525.3869753028266,1151833,74841,1076992,18,18,2,1,0,0,1137708,14125,60716,5946,32,0
panda_real-live-7,real_primary,panda_real,7,live,completed,True,True,True,True,True,True,479.4325536051765,3.5070425770245492,482.93959618220106,1057602,67650,989952,36,1,2,3,0,0,1045309,12293,55357,4847,23,9
panda_real-ipython-7,real_primary,panda_real,7,ipython,completed,True,True,True,True,True,True,338.35951764602214,3.8241622080095112,342.18367985403165,614605,60877,553728,16,1,2,2,0,0,605133,9472,51405,4181,19,14
panda_calibration-ipython-2,existing_primary,panda_calibration,2,ipython,completed,True,True,True,True,True,True,90.59899047203362,3.965676019899547,94.56466649193317,195748,45604,150144,9,1,1,8,0,0,193803,1945,43659,187,11,7
panda_calibration-live-2,existing_primary,panda_calibration,2,live,completed,True,True,True,True,True,True,133.0188184157014,3.5572273209691048,136.5760457366705,326980,30276,296704,9,1,1,8,0,1,324579,2401,27875,352,12,7
panda_calibration-restart-2,existing_primary,panda_calibration,2,restart,completed,True,True,True,True,True,True,185.08716610865667,0.0,185.08716610865667,475252,57332,417920,10,10,1,8,0,0,470945,4307,53025,1132,13,0
panda_calibration-restart-0,existing_primary,panda_calibration,0,restart,completed,True,True,True,True,True,True,167.313465423882,0.0,167.313465423882,429782,31062,398720,9,9,1,8,0,0,426367,3415,27647,514,17,0
panda_calibration-ipython-0,existing_primary,panda_calibration,0,ipython,completed,True,True,True,True,True,True,93.11180543527007,3.9756043199449778,97.08740975521505,238538,24266,214272,9,1,1,8,0,0,236552,1986,22280,202,10,7
panda_calibration-live-0,existing_primary,panda_calibration,0,live,completed,True,True,True,True,True,True,136.16437738901004,3.507020556833595,139.67139794584364,239685,26693,212992,9,1,1,8,0,0,237704,1981,24712,283,11,7
allegro-ipython-0,existing_primary,allegro,0,ipython,completed,True,True,True,True,True,True,55.64272123994306,2.851600598078221,58.49432183802128,141273,37337,103936,1,1,1,0,0,0,140139,1134,36203,96,11,3
allegro-restart-0,existing_primary,allegro,0,restart,completed,True,True,True,True,True,True,61.30438713077456,0.0,61.30438713077456,152867,16803,136064,1,1,1,0,0,0,151853,1014,15789,217,7,0
allegro-live-0,existing_primary,allegro,0,live,completed,True,True,True,True,True,True,48.735837172716856,2.6558172521181405,51.391654424835,138600,16488,122112,1,1,1,0,0,0,137618,982,15506,167,8,2
panda_real-ipython_fixed-1,sensitivity,panda_real,1,ipython_fixed,completed,True,True,True,True,True,True,270.36410606093705,3.7713105236180127,274.13541658455506,478123,77355,400768,17,1,2,3,0,0,470627,7496,69859,3056,15,9
hug-ipython_fixed-0,sensitivity,hug,0,ipython_fixed,completed,True,True,True,True,True,True,60.2540574837476,4.13720514299348,64.39126262674108,149254,23686,125568,1,1,1,0,0,0,147908,1346,22340,159,10,3
panda-ipython_fixed-0,sensitivity,panda,0,ipython_fixed,completed,True,True,True,True,True,True,46.68232389399782,4.173144057858735,50.855467951856554,135997,15037,120960,1,1,1,0,0,0,135010,987,14050,142,9,2
panda_real-ipython_fixed-2,sensitivity,panda_real,2,ipython_fixed,completed,True,True,True,True,True,True,209.77350285788998,3.83090614201501,213.604408999905,457861,71941,385920,12,1,2,2,0,0,451949,5912,66029,2187,13,9
panda_calibration-ipython_fixed-0,sensitivity,panda_calibration,0,ipython_fixed,completed,True,True,True,True,True,True,74.78165716305375,3.823952083941549,78.6056092469953,160161,19873,140288,9,1,1,8,0,0,158402,1759,18114,232,9,4
panda_real-ipython_fixed-0,sensitivity,panda_real,0,ipython_fixed,completed,True,True,True,True,True,True,285.48411549814045,3.7366325757466257,289.2207480738871,541292,113004,428288,16,1,2,3,0,0,532895,8397,104607,3619,16,10
allegro-ipython_fixed-0,sensitivity,allegro,0,ipython_fixed,completed,True,True,True,True,True,True,52.34277952602133,2.9292291798628867,55.27200870588422,134041,15513,118528,1,1,1,0,0,0,132882,1159,14354,152,9,3
